domain,lean
24usainfo.com,Pro-Trump
abcnews.com.co,Pro-Trump
aldipest.com,Pro-Trump
americanflare.com,Pro-Trump
americanjournalreview.com,Pro-Trump
americasnewest.com,Pro-Trump
angrypatriotmovement.com,Pro-Trump
awarenessact.com,Pro-Trump
bients.com,Pro-Trump
bigbluevision.org,Pro-Trump
bignuggetnews.com,Pro-Trump
buzzfeedusa.com,Pro-Trump
chicksontheright.com,Pro-Trump
choiceandtruth.com,Pro-Trump
christiantimesnewspaper.com,Pro-Trump
chuckcallesto.blogspot.com,Pro-Trump
consciouslyenlightened.com,Pro-Trump
conservativedailypost.com,Pro-Trump
conservativefiringline.com,Pro-Trump
conservativeinsider.co,Pro-Trump
conservativestudio.com,Pro-Trump
consnation.com,Pro-Trump
cooltobeconservative.com,Pro-Trump
daily-sun.com,Pro-Trump
dailyheadlines.net,Pro-Trump
dailyoccupation.com,Pro-Trump
dailypresser.com,Pro-Trump
dailywire.com,Pro-Trump
departed.co,Pro-Trump
dineal.com,Pro-Trump
donaldtrumpnews.co,Pro-Trump
embols.com,Pro-Trump
endingthefed.com,Pro-Trump
eutimes.net,Pro-Trump
everynewshere.com,Pro-Trump
fanzinger.com,Pro-Trump
freedomsfinalstand.com,Pro-Trump
friendsofsyria.wordpress.com,Pro-Trump
fury.news,Pro-Trump
guerilla.news,Pro-Trump
halturnershow.com,Pro-Trump
ihavethetruth.com,Pro-Trump
ijr.com,Pro-Trump
ilovemyfreedom.org,Pro-Trump
intrendtoday.com,Pro-Trump
ipatriot.com,Pro-Trump
libertywritersnews.com,Pro-Trump
mainerepublicemailalert.com,Pro-Trump
mediazone.news,Pro-Trump
morningnewsusa.com,Pro-Trump
msfanpage.link,Pro-Trump
myfreshnews.com,Pro-Trump
nationalinsiderpolitics.com,Pro-Trump
nevo.news,Pro-Trump
prntly.com,Pro-Trump
redstatewatcher.com,Pro-Trump
rickwells.us,Pro-Trump
statenation.co,Pro-Trump
stateofthenation2012.com,Pro-Trump
superstation95.com,Pro-Trump
tdnewswire.com,Pro-Trump
thefreepatriot.org,Pro-Trump
theinternationalreporter.org,Pro-Trump
thenewsclub.info,Pro-Trump
therealstrategy.com,Pro-Trump
therightists.com,Pro-Trump
tmn.today,Pro-Trump
truthfeed.com,Pro-Trump
truthkings.com,Pro-Trump
usadailyinfo.com,Pro-Trump
usadailytime.com,Pro-Trump
usanewsflash.com,Pro-Trump
usapoliticsnow.com,Pro-Trump
usapoliticstoday.com,Pro-Trump
usasupreme.com,Pro-Trump
usatodaypolitics.com,Pro-Trump
ushealthyadvisor.com,Pro-Trump
usherald.com,Pro-Trump
vesselnews.io,Pro-Trump
wearechange.org,Pro-Trump
westernsentinel.com,Pro-Trump
whatdoesitmean.com,Pro-Trump
whatsupic.com,Pro-Trump
worldnewspolitics.com,Pro-Trump
worldpoliticus.com,Pro-Trump
yesimright.com,Pro-Trump
zootfeed.com,Pro-Trump
bipartisanreport.com,Pro-Clinton
greenvillegazette.com,Pro-Clinton
politicops.com,Pro-Clinton
uspoln.com,Pro-Clinton
worldinformation24.info,Pro-Clinton
